ajio,hero,1,zara,Mumbai,True,06-Aug-17 01:56:42
ajio,hero,2,boss,Mumbai,False,06-Aug-17 01:56:42
ajio,hero,3,armani,Bangalore,False,06-Aug-17 01:56:42
ajio,hero,4,diesel,Pune,False,06-Aug-17 01:56:42
ajio,hero,5,chloe,Mumbai,False,06-Aug-17 01:56:42
ajio,hero,6,zara,Mumbai,True,06-Aug-17 01:56:42
ajio,hero,7,espirit,Bangalore,False,06-Aug-17 01:56:42
ajio,hero,8,zara,Pune,False,06-Aug-17 01:56:42
ajio,hero,9,diesel,Pune,False,06-Aug-17 01:56:42
ajio,hero,10,prada,Pune,False,06-Aug-17 01:56:42
ajio,hero,11,vougue,Bangalore,False,06-Aug-17 01:56:42
ajio,hero,12,prada,Pune,True,06-Aug-17 01:56:42
ajio,hero,13,armani,Bangalore,False,06-Aug-17 01:56:42
ajio,hero,14,diesel,Bangalore,False,06-Aug-17 01:56:42
ajio,hero,15,armani,Bangalore,False,06-Aug-17 01:56:42
ajio,hero,16,zara,Pune,False,06-Aug-17 01:56:42
ajio,hero,17,prada,Bangalore,False,06-Aug-17 01:56:42
ajio,hero,18,doir,Pune,False,06-Aug-17 01:56:42
ajio,hero,19,birch,Mumbai,True,06-Aug-17 01:56:42
ajio,hero,20,birch,Pune,False,06-Aug-17 01:56:42
ajio,hero,21,prada,Pune,False,06-Aug-17 01:56:42
ajio,hero,22,boss,Bangalore,True,06-Aug-17 01:56:42
ajio,hero,23,prada,Bangalore,False,06-Aug-17 01:56:42
ajio,hero,24,espirit,Mumbai,False,06-Aug-17 01:56:42
ajio,hero,25,birch,Bangalore,False,06-Aug-17 01:56:42
ajio,hero,26,diesel,Pune,True,06-Aug-17 01:56:42
ajio,hero,27,diesel,Mumbai,False,06-Aug-17 01:56:42
ajio,hero,28,vougue,Mumbai,True,06-Aug-17 01:56:42
ajio,hero,29,diesel,Bangalore,False,06-Aug-17 01:56:42
ajio,hero,30,prada,Bangalore,False,06-Aug-17 01:56:42
ajio,hero,31,doir,Pune,False,06-Aug-17 01:56:42
ajio,hero,32,diesel,Pune,False,06-Aug-17 01:56:42
ajio,hero,33,zara,Bangalore,False,06-Aug-17 01:56:42
ajio,hero,34,birch,Bangalore,False,06-Aug-17 01:56:42
ajio,hero,35,diesel,Mumbai,False,06-Aug-17 01:56:42
ajio,hero,36,armani,Bangalore,False,06-Aug-17 01:56:42
ajio,hero,37,diesel,Pune,False,06-Aug-17 01:56:42
ajio,hero,38,doir,Pune,True,06-Aug-17 01:56:42
ajio,hero,39,vougue,Pune,True,06-Aug-17 01:56:42
ajio,hero,40,birch,Pune,True,06-Aug-17 01:56:42
ajio,hero,41,doir,Mumbai,False,06-Aug-17 01:56:42
ajio,hero,42,birch,Mumbai,False,06-Aug-17 01:56:42
ajio,hero,43,doir,Pune,False,06-Aug-17 01:56:42
ajio,hero,44,zara,Pune,True,06-Aug-17 01:56:42
ajio,hero,45,armani,Bangalore,False,06-Aug-17 01:56:42
ajio,hero,46,diesel,Pune,True,06-Aug-17 01:56:42
ajio,hero,47,boss,Bangalore,False,06-Aug-17 01:56:42
ajio,hero,48,zara,Pune,True,06-Aug-17 01:56:42
ajio,hero,49,boss,Bangalore,False,06-Aug-17 01:56:42
ajio,hero,50,zara,Pune,False,06-Aug-17 01:56:42
ajio,hero,51,doir,Bangalore,False,06-Aug-17 01:56:42
ajio,hero,52,prada,Pune,False,06-Aug-17 01:56:42
ajio,hero,53,armani,Bangalore,False,06-Aug-17 01:56:42
ajio,hero,54,chloe,Pune,False,06-Aug-17 01:56:42
ajio,hero,55,espirit,Bangalore,False,06-Aug-17 01:56:42
ajio,hero,56,chloe,Pune,False,06-Aug-17 01:56:42
ajio,hero,57,zara,Pune,True,06-Aug-17 01:56:42
ajio,hero,58,doir,Pune,True,06-Aug-17 01:56:42
ajio,hero,59,doir,Mumbai,False,06-Aug-17 01:56:42
ajio,hero,60,espirit,Pune,True,06-Aug-17 01:56:42
ajio,hero,61,birch,Mumbai,False,06-Aug-17 01:56:42
ajio,hero,62,birch,Mumbai,False,06-Aug-17 01:56:42
ajio,hero,63,diesel,Pune,False,06-Aug-17 01:56:42
ajio,hero,64,zara,Mumbai,False,06-Aug-17 01:56:42
ajio,hero,65,diesel,Mumbai,True,06-Aug-17 01:56:42
ajio,hero,66,doir,Mumbai,False,06-Aug-17 01:56:42
ajio,hero,67,birch,Bangalore,True,06-Aug-17 01:56:42
ajio,hero,68,boss,Mumbai,False,06-Aug-17 01:56:42
ajio,hero,69,doir,Mumbai,False,06-Aug-17 01:56:42
ajio,hero,70,boss,Mumbai,True,06-Aug-17 01:56:42
ajio,hero,71,chloe,Bangalore,False,06-Aug-17 01:56:42
ajio,hero,72,diesel,Bangalore,True,06-Aug-17 01:56:42
ajio,hero,73,chloe,Mumbai,False,06-Aug-17 01:56:42
ajio,hero,74,vougue,Mumbai,False,06-Aug-17 01:56:42
ajio,hero,75,birch,Mumbai,False,06-Aug-17 01:56:42
ajio,hero,76,doir,Pune,False,06-Aug-17 01:56:42
ajio,hero,77,birch,Mumbai,True,06-Aug-17 01:56:42
ajio,hero,78,prada,Bangalore,False,06-Aug-17 01:56:42
ajio,hero,79,espirit,Pune,False,06-Aug-17 01:56:42
ajio,hero,80,espirit,Pune,False,06-Aug-17 01:56:42
ajio,hero,81,boss,Bangalore,True,06-Aug-17 01:56:42
ajio,hero,82,boss,Bangalore,False,06-Aug-17 01:56:42
ajio,hero,83,diesel,Bangalore,False,06-Aug-17 01:56:42
ajio,hero,84,boss,Bangalore,False,06-Aug-17 01:56:42
ajio,hero,85,doir,Bangalore,False,06-Aug-17 01:56:42
ajio,hero,86,armani,Pune,True,06-Aug-17 01:56:42
ajio,hero,87,diesel,Bangalore,False,06-Aug-17 01:56:42
ajio,hero,88,vougue,Bangalore,False,06-Aug-17 01:56:42
ajio,hero,89,prada,Bangalore,False,06-Aug-17 01:56:42
ajio,hero,90,zara,Mumbai,True,06-Aug-17 01:56:42
ajio,hero,91,espirit,Bangalore,False,06-Aug-17 01:56:42
ajio,hero,92,armani,Mumbai,False,06-Aug-17 01:56:42
ajio,hero,93,chloe,Mumbai,True,06-Aug-17 01:56:42
ajio,hero,94,armani,Mumbai,True,06-Aug-17 01:56:42
ajio,hero,95,chloe,Bangalore,True,06-Aug-17 01:56:42
ajio,hero,96,doir,Mumbai,False,06-Aug-17 01:56:42
ajio,hero,97,prada,Bangalore,False,06-Aug-17 01:56:42
ajio,hero,98,armani,Mumbai,False,06-Aug-17 01:56:42
ajio,hero,99,chloe,Pune,False,06-Aug-17 01:56:42
ajio,hero,100,zara,Mumbai,False,06-Aug-17 01:56:42
ajio,hero,101,boss,Bangalore,False,06-Aug-17 01:56:42
ajio,hero,102,zara,Pune,False,06-Aug-17 01:56:42
ajio,hero,103,espirit,Mumbai,False,06-Aug-17 01:56:42
ajio,hero,104,diesel,Bangalore,True,06-Aug-17 01:56:42
ajio,hero,105,chloe,Mumbai,True,06-Aug-17 01:56:42
ajio,hero,106,armani,Bangalore,True,06-Aug-17 01:56:42
ajio,hero,107,doir,Pune,False,06-Aug-17 01:56:42
ajio,hero,108,birch,Bangalore,False,06-Aug-17 01:56:42
ajio,hero,109,birch,Bangalore,False,06-Aug-17 01:56:42
ajio,hero,110,vougue,Bangalore,True,06-Aug-17 01:56:42
ajio,hero,111,zara,Mumbai,True,06-Aug-17 01:56:42
ajio,hero,112,chloe,Pune,True,06-Aug-17 01:56:42
ajio,hero,113,doir,Mumbai,True,06-Aug-17 01:56:42
ajio,hero,114,chloe,Bangalore,False,06-Aug-17 01:56:42
ajio,hero,115,zara,Mumbai,True,06-Aug-17 01:56:42
ajio,hero,116,chloe,Mumbai,False,06-Aug-17 01:56:42
ajio,hero,117,diesel,Bangalore,False,06-Aug-17 01:56:42
ajio,hero,118,zara,Pune,False,06-Aug-17 01:56:42
ajio,hero,119,chloe,Mumbai,False,06-Aug-17 01:56:42
ajio,hero,120,chloe,Mumbai,False,06-Aug-17 01:56:42
ajio,hero,121,chloe,Pune,False,06-Aug-17 01:56:42
ajio,hero,122,doir,Pune,True,06-Aug-17 01:56:42
ajio,hero,123,zara,Pune,True,06-Aug-17 01:56:42
ajio,hero,124,boss,Pune,True,06-Aug-17 01:56:42
ajio,hero,125,birch,Bangalore,True,06-Aug-17 01:56:42
ajio,hero,126,armani,Pune,False,06-Aug-17 01:56:42
ajio,hero,127,doir,Bangalore,False,06-Aug-17 01:56:42
ajio,hero,128,vougue,Pune,False,06-Aug-17 01:56:42
ajio,hero,129,diesel,Mumbai,False,06-Aug-17 01:56:42
ajio,hero,130,diesel,Mumbai,True,06-Aug-17 01:56:42
ajio,hero,131,zara,Pune,True,06-Aug-17 01:56:42
ajio,hero,132,espirit,Bangalore,False,06-Aug-17 01:56:42
ajio,hero,133,vougue,Bangalore,False,06-Aug-17 01:56:42
ajio,hero,134,espirit,Bangalore,True,06-Aug-17 01:56:42
ajio,hero,135,zara,Pune,False,06-Aug-17 01:56:42
ajio,hero,136,vougue,Pune,False,06-Aug-17 01:56:42
ajio,hero,137,diesel,Bangalore,False,06-Aug-17 01:56:42
ajio,hero,138,zara,Pune,False,06-Aug-17 01:56:42
ajio,hero,139,zara,Bangalore,False,06-Aug-17 01:56:42
ajio,hero,140,prada,Bangalore,False,06-Aug-17 01:56:42
ajio,hero,141,zara,Mumbai,False,06-Aug-17 01:56:42
ajio,hero,142,doir,Bangalore,False,06-Aug-17 01:56:42
ajio,hero,143,diesel,Bangalore,False,06-Aug-17 01:56:42
ajio,hero,144,armani,Pune,False,06-Aug-17 01:56:42
ajio,hero,145,doir,Bangalore,False,06-Aug-17 01:56:42
ajio,hero,146,espirit,Bangalore,True,06-Aug-17 01:56:42
ajio,hero,147,vougue,Pune,True,06-Aug-17 01:56:42
ajio,hero,148,chloe,Pune,True,06-Aug-17 01:56:42
ajio,hero,149,diesel,Mumbai,False,06-Aug-17 01:56:42
ajio,hero,150,doir,Pune,False,06-Aug-17 01:56:42
ajio,hero,151,doir,Mumbai,False,06-Aug-17 01:56:42
ajio,hero,152,diesel,Mumbai,False,06-Aug-17 01:56:42
ajio,hero,153,vougue,Mumbai,False,06-Aug-17 01:56:42
ajio,hero,154,armani,Pune,False,06-Aug-17 01:56:42
ajio,hero,155,vougue,Mumbai,False,06-Aug-17 01:56:42
ajio,hero,156,doir,Bangalore,False,06-Aug-17 01:56:42
ajio,hero,157,birch,Mumbai,False,06-Aug-17 01:56:42
ajio,hero,158,armani,Mumbai,False,06-Aug-17 01:56:42
ajio,hero,159,birch,Bangalore,False,06-Aug-17 01:56:42
ajio,hero,160,doir,Bangalore,False,06-Aug-17 01:56:42
ajio,hero,161,doir,Bangalore,False,06-Aug-17 01:56:42
ajio,hero,162,doir,Bangalore,False,06-Aug-17 01:56:42
ajio,hero,163,doir,Mumbai,False,06-Aug-17 01:56:42
ajio,hero,164,diesel,Pune,False,06-Aug-17 01:56:42
ajio,hero,165,chloe,Mumbai,False,06-Aug-17 01:56:42
ajio,hero,166,espirit,Bangalore,False,06-Aug-17 01:56:42
ajio,hero,167,doir,Pune,True,06-Aug-17 01:56:42
ajio,hero,168,diesel,Bangalore,True,06-Aug-17 01:56:42
ajio,hero,169,chloe,Mumbai,False,06-Aug-17 01:56:42
ajio,hero,170,birch,Pune,True,06-Aug-17 01:56:42
ajio,hero,171,vougue,Bangalore,False,06-Aug-17 01:56:42
ajio,hero,172,zara,Mumbai,False,06-Aug-17 01:56:42
ajio,hero,173,doir,Bangalore,True,06-Aug-17 01:56:42
ajio,hero,174,prada,Pune,False,06-Aug-17 01:56:42
ajio,hero,175,boss,Bangalore,False,06-Aug-17 01:56:42
ajio,hero,176,espirit,Mumbai,False,06-Aug-17 01:56:42
ajio,hero,177,birch,Pune,False,06-Aug-17 01:56:42
ajio,hero,178,diesel,Pune,False,06-Aug-17 01:56:42
ajio,hero,179,boss,Pune,False,06-Aug-17 01:56:42
ajio,hero,180,boss,Bangalore,False,06-Aug-17 01:56:42
ajio,hero,181,armani,Bangalore,False,06-Aug-17 01:56:42
ajio,hero,182,prada,Mumbai,False,06-Aug-17 01:56:42
ajio,hero,183,boss,Bangalore,False,06-Aug-17 01:56:42
ajio,hero,184,diesel,Bangalore,True,06-Aug-17 01:56:42
ajio,hero,185,vougue,Mumbai,False,06-Aug-17 01:56:42
ajio,hero,186,prada,Bangalore,True,06-Aug-17 01:56:42
ajio,hero,187,espirit,Pune,False,06-Aug-17 01:56:42
ajio,hero,188,zara,Mumbai,False,06-Aug-17 01:56:42
ajio,hero,189,prada,Mumbai,True,06-Aug-17 01:56:42
ajio,hero,190,birch,Mumbai,False,06-Aug-17 01:56:42
ajio,hero,191,boss,Bangalore,False,06-Aug-17 01:56:42
ajio,hero,192,vougue,Mumbai,True,06-Aug-17 01:56:42
ajio,hero,193,zara,Mumbai,False,06-Aug-17 01:56:42
ajio,hero,194,vougue,Pune,True,06-Aug-17 01:56:42
ajio,hero,195,prada,Mumbai,False,06-Aug-17 01:56:42
ajio,hero,196,espirit,Bangalore,False,06-Aug-17 01:56:42
ajio,hero,197,diesel,Mumbai,False,06-Aug-17 01:56:42
ajio,hero,198,doir,Mumbai,False,06-Aug-17 01:56:42
ajio,hero,199,espirit,Bangalore,True,06-Aug-17 01:56:42
ajio,hero,200,diesel,Pune,True,06-Aug-17 01:56:42
ajio,hero,201,birch,Bangalore,False,06-Aug-17 01:56:42
ajio,hero,202,espirit,Pune,True,06-Aug-17 01:56:42
ajio,hero,203,armani,Pune,False,06-Aug-17 01:56:42
ajio,hero,204,doir,Pune,True,06-Aug-17 01:56:42
ajio,hero,205,vougue,Mumbai,False,06-Aug-17 01:56:42
ajio,hero,206,zara,Pune,False,06-Aug-17 01:56:42
ajio,hero,207,prada,Pune,False,06-Aug-17 01:56:42
ajio,hero,208,chloe,Bangalore,False,06-Aug-17 01:56:42
ajio,hero,209,doir,Mumbai,True,06-Aug-17 01:56:42
ajio,hero,210,chloe,Bangalore,False,06-Aug-17 01:56:42
ajio,hero,211,vougue,Mumbai,False,06-Aug-17 01:56:42
ajio,hero,212,espirit,Bangalore,False,06-Aug-17 01:56:42
ajio,hero,213,chloe,Pune,True,06-Aug-17 01:56:42
ajio,hero,214,vougue,Bangalore,False,06-Aug-17 01:56:42
ajio,hero,215,diesel,Pune,True,06-Aug-17 01:56:42
ajio,hero,216,chloe,Mumbai,False,06-Aug-17 01:56:42
ajio,hero,217,doir,Bangalore,False,06-Aug-17 01:56:42
ajio,hero,218,diesel,Bangalore,False,06-Aug-17 01:56:42
ajio,hero,219,diesel,Mumbai,False,06-Aug-17 01:56:42
ajio,hero,220,armani,Bangalore,False,06-Aug-17 01:56:42
ajio,hero,221,armani,Mumbai,False,06-Aug-17 01:56:42
ajio,hero,222,doir,Pune,True,06-Aug-17 01:56:42
ajio,hero,223,prada,Pune,False,06-Aug-17 01:56:42
ajio,hero,224,prada,Pune,False,06-Aug-17 01:56:42
ajio,hero,225,zara,Mumbai,False,06-Aug-17 01:56:42
ajio,hero,226,armani,Pune,True,06-Aug-17 01:56:42
ajio,hero,227,espirit,Pune,False,06-Aug-17 01:56:42
ajio,hero,228,boss,Mumbai,False,06-Aug-17 01:56:42
ajio,hero,229,espirit,Bangalore,False,06-Aug-17 01:56:42
ajio,hero,230,zara,Mumbai,True,06-Aug-17 01:56:42
ajio,hero,231,zara,Bangalore,False,06-Aug-17 01:56:42
ajio,hero,232,zara,Bangalore,False,06-Aug-17 01:56:42
ajio,hero,233,diesel,Bangalore,False,06-Aug-17 01:56:42
ajio,hero,234,diesel,Mumbai,False,06-Aug-17 01:56:42
ajio,hero,235,vougue,Mumbai,True,06-Aug-17 01:56:42
ajio,hero,236,prada,Pune,True,06-Aug-17 01:56:42
ajio,hero,237,boss,Bangalore,False,06-Aug-17 01:56:42
ajio,hero,238,armani,Mumbai,True,06-Aug-17 01:56:42
ajio,hero,239,vougue,Pune,False,06-Aug-17 01:56:42
ajio,hero,240,birch,Mumbai,False,06-Aug-17 01:56:42
ajio,hero,241,espirit,Bangalore,False,06-Aug-17 01:56:42
ajio,hero,242,espirit,Bangalore,True,06-Aug-17 01:56:42
ajio,hero,243,zara,Pune,True,06-Aug-17 01:56:42
ajio,hero,244,chloe,Bangalore,False,06-Aug-17 01:56:42
ajio,hero,245,espirit,Mumbai,False,06-Aug-17 01:56:42
ajio,hero,246,zara,Bangalore,False,06-Aug-17 01:56:42
ajio,hero,247,chloe,Bangalore,True,06-Aug-17 01:56:42
ajio,hero,248,doir,Pune,False,06-Aug-17 01:56:42
ajio,hero,249,armani,Mumbai,True,06-Aug-17 01:56:42
ajio,hero,250,birch,Mumbai,True,06-Aug-17 01:56:42
ajio,hero,251,chloe,Pune,False,06-Aug-17 01:56:42
ajio,hero,252,prada,Bangalore,False,06-Aug-17 01:56:42
ajio,hero,253,chloe,Bangalore,False,06-Aug-17 01:56:42
ajio,hero,254,zara,Bangalore,False,06-Aug-17 01:56:42
ajio,hero,255,diesel,Mumbai,False,06-Aug-17 01:56:42
ajio,hero,256,diesel,Pune,False,06-Aug-17 01:56:42
ajio,hero,257,espirit,Pune,False,06-Aug-17 01:56:42
ajio,hero,258,espirit,Mumbai,True,06-Aug-17 01:56:42
ajio,hero,259,espirit,Bangalore,True,06-Aug-17 01:56:42
ajio,hero,260,vougue,Mumbai,False,06-Aug-17 01:56:42
ajio,hero,261,birch,Mumbai,True,06-Aug-17 01:56:42
ajio,hero,262,doir,Pune,True,06-Aug-17 01:56:42
ajio,hero,263,zara,Bangalore,False,06-Aug-17 01:56:42
ajio,hero,264,espirit,Bangalore,True,06-Aug-17 01:56:42
ajio,hero,265,birch,Mumbai,True,06-Aug-17 01:56:42
ajio,hero,266,chloe,Mumbai,False,06-Aug-17 01:56:42
ajio,hero,267,chloe,Bangalore,False,06-Aug-17 01:56:42
ajio,hero,268,chloe,Bangalore,False,06-Aug-17 01:56:42
ajio,hero,269,birch,Mumbai,False,06-Aug-17 01:56:42
ajio,hero,270,diesel,Bangalore,False,06-Aug-17 01:56:42
ajio,hero,271,zara,Bangalore,True,06-Aug-17 01:56:42
ajio,hero,272,birch,Pune,False,06-Aug-17 01:56:42
ajio,hero,273,espirit,Pune,False,06-Aug-17 01:56:42
ajio,hero,274,armani,Mumbai,False,06-Aug-17 01:56:42
ajio,hero,275,boss,Mumbai,False,06-Aug-17 01:56:42
ajio,hero,276,diesel,Mumbai,False,06-Aug-17 01:56:42
ajio,hero,277,prada,Bangalore,False,06-Aug-17 01:56:42
ajio,hero,278,vougue,Bangalore,False,06-Aug-17 01:56:42
ajio,hero,279,diesel,Mumbai,True,06-Aug-17 01:56:42
ajio,hero,280,armani,Mumbai,True,06-Aug-17 01:56:42
ajio,hero,281,zara,Bangalore,False,06-Aug-17 01:56:42
ajio,hero,282,birch,Pune,False,06-Aug-17 01:56:42
ajio,hero,283,chloe,Pune,False,06-Aug-17 01:56:42
ajio,hero,284,prada,Pune,True,06-Aug-17 01:56:42
ajio,hero,285,armani,Pune,False,06-Aug-17 01:56:42
ajio,hero,286,diesel,Mumbai,False,06-Aug-17 01:56:42
ajio,hero,287,armani,Mumbai,False,06-Aug-17 01:56:42
ajio,hero,288,prada,Mumbai,True,06-Aug-17 01:56:42
ajio,hero,289,armani,Mumbai,False,06-Aug-17 01:56:42
ajio,hero,290,zara,Pune,False,06-Aug-17 01:56:42
ajio,hero,291,chloe,Bangalore,False,06-Aug-17 01:56:42
ajio,hero,292,chloe,Mumbai,False,06-Aug-17 01:56:42
ajio,hero,293,boss,Mumbai,False,06-Aug-17 01:56:42
ajio,hero,294,zara,Mumbai,False,06-Aug-17 01:56:42
ajio,hero,295,chloe,Mumbai,True,06-Aug-17 01:56:42
ajio,hero,296,birch,Bangalore,False,06-Aug-17 01:56:42
ajio,hero,297,diesel,Pune,False,06-Aug-17 01:56:42
ajio,hero,298,chloe,Pune,False,06-Aug-17 01:56:42
ajio,hero,299,boss,Mumbai,False,06-Aug-17 01:56:42
ajio,hero,300,birch,Bangalore,False,06-Aug-17 01:56:42
ajio,hero,301,birch,Bangalore,False,06-Aug-17 01:56:42
ajio,hero,302,doir,Mumbai,True,06-Aug-17 01:56:42
ajio,hero,303,boss,Mumbai,False,06-Aug-17 01:56:42
ajio,hero,304,birch,Mumbai,False,06-Aug-17 01:56:42
ajio,hero,305,armani,Bangalore,False,06-Aug-17 01:56:42
ajio,hero,306,prada,Pune,False,06-Aug-17 01:56:42
ajio,hero,307,espirit,Mumbai,False,06-Aug-17 01:56:42
ajio,hero,308,espirit,Pune,False,06-Aug-17 01:56:42
ajio,hero,309,chloe,Mumbai,False,06-Aug-17 01:56:42
ajio,hero,310,chloe,Bangalore,False,06-Aug-17 01:56:42
ajio,hero,311,diesel,Pune,False,06-Aug-17 01:56:42
ajio,hero,312,birch,Bangalore,False,06-Aug-17 01:56:42
ajio,hero,313,diesel,Bangalore,False,06-Aug-17 01:56:42
ajio,hero,314,diesel,Bangalore,False,06-Aug-17 01:56:42
ajio,hero,315,vougue,Mumbai,False,06-Aug-17 01:56:42
ajio,hero,316,espirit,Mumbai,False,06-Aug-17 01:56:42
ajio,hero,317,doir,Pune,False,06-Aug-17 01:56:42
ajio,hero,318,prada,Bangalore,False,06-Aug-17 01:56:42
ajio,hero,319,prada,Pune,True,06-Aug-17 01:56:42
ajio,hero,320,diesel,Bangalore,False,06-Aug-17 01:56:42
ajio,hero,321,zara,Bangalore,False,06-Aug-17 01:56:42
ajio,hero,322,chloe,Bangalore,False,06-Aug-17 01:56:42
ajio,hero,323,prada,Pune,False,06-Aug-17 01:56:42
ajio,hero,324,birch,Mumbai,True,06-Aug-17 01:56:42
ajio,hero,325,espirit,Pune,False,06-Aug-17 01:56:42
ajio,hero,326,chloe,Pune,True,06-Aug-17 01:56:42
ajio,hero,327,prada,Pune,False,06-Aug-17 01:56:42
ajio,hero,328,armani,Bangalore,False,06-Aug-17 01:56:42
ajio,hero,329,espirit,Pune,True,06-Aug-17 01:56:42
ajio,hero,330,vougue,Mumbai,False,06-Aug-17 01:56:42
ajio,hero,331,boss,Mumbai,False,06-Aug-17 01:56:42
ajio,hero,332,chloe,Mumbai,False,06-Aug-17 01:56:42
ajio,hero,333,doir,Mumbai,False,06-Aug-17 01:56:42
ajio,hero,334,espirit,Bangalore,False,06-Aug-17 01:56:42
ajio,hero,335,birch,Pune,True,06-Aug-17 01:56:42
ajio,hero,336,boss,Mumbai,False,06-Aug-17 01:56:42
ajio,hero,337,vougue,Mumbai,False,06-Aug-17 01:56:42
ajio,hero,338,doir,Mumbai,False,06-Aug-17 01:56:42
ajio,hero,339,chloe,Mumbai,False,06-Aug-17 01:56:42
ajio,hero,340,armani,Pune,False,06-Aug-17 01:56:42
ajio,hero,341,doir,Bangalore,False,06-Aug-17 01:56:42
ajio,hero,342,espirit,Pune,False,06-Aug-17 01:56:42
ajio,hero,343,vougue,Mumbai,False,06-Aug-17 01:56:42
ajio,hero,344,boss,Bangalore,False,06-Aug-17 01:56:42
ajio,hero,345,doir,Mumbai,False,06-Aug-17 01:56:42
ajio,hero,346,boss,Mumbai,False,06-Aug-17 01:56:42
ajio,hero,347,zara,Bangalore,False,06-Aug-17 01:56:42
ajio,hero,348,armani,Mumbai,False,06-Aug-17 01:56:42
ajio,hero,349,diesel,Pune,True,06-Aug-17 01:56:42
ajio,hero,350,boss,Bangalore,False,06-Aug-17 01:56:42
ajio,hero,351,diesel,Pune,False,06-Aug-17 01:56:42
ajio,hero,352,doir,Pune,False,06-Aug-17 01:56:42
ajio,hero,353,zara,Pune,False,06-Aug-17 01:56:42
ajio,hero,354,birch,Bangalore,False,06-Aug-17 01:56:42
ajio,hero,355,zara,Mumbai,False,06-Aug-17 01:56:42
ajio,hero,356,prada,Bangalore,True,06-Aug-17 01:56:42
ajio,hero,357,boss,Pune,True,06-Aug-17 01:56:42
ajio,hero,358,armani,Pune,False,06-Aug-17 01:56:42
ajio,hero,359,chloe,Bangalore,False,06-Aug-17 01:56:42
ajio,hero,360,boss,Pune,False,06-Aug-17 01:56:42
ajio,hero,361,prada,Bangalore,True,06-Aug-17 01:56:42
ajio,hero,362,birch,Bangalore,True,06-Aug-17 01:56:42
ajio,hero,363,vougue,Mumbai,False,06-Aug-17 01:56:42
ajio,hero,364,vougue,Mumbai,False,06-Aug-17 01:56:42
ajio,hero,365,espirit,Pune,False,06-Aug-17 01:56:42
ajio,hero,366,chloe,Pune,True,06-Aug-17 01:56:42
ajio,hero,367,diesel,Mumbai,True,06-Aug-17 01:56:42
ajio,hero,368,chloe,Pune,False,06-Aug-17 01:56:42
ajio,hero,369,vougue,Pune,False,06-Aug-17 01:56:42
ajio,hero,370,doir,Bangalore,True,06-Aug-17 01:56:42
ajio,hero,371,espirit,Mumbai,True,06-Aug-17 01:56:42
ajio,hero,372,vougue,Bangalore,True,06-Aug-17 01:56:42
ajio,hero,373,zara,Bangalore,True,06-Aug-17 01:56:42
ajio,hero,374,zara,Pune,False,06-Aug-17 01:56:42
ajio,hero,375,vougue,Bangalore,False,06-Aug-17 01:56:42
ajio,hero,376,prada,Pune,False,06-Aug-17 01:56:42
ajio,hero,377,vougue,Pune,True,06-Aug-17 01:56:42
ajio,hero,378,zara,Bangalore,False,06-Aug-17 01:56:42
ajio,hero,379,diesel,Pune,False,06-Aug-17 01:56:42
ajio,hero,380,boss,Pune,False,06-Aug-17 01:56:42
ajio,hero,381,zara,Mumbai,False,06-Aug-17 01:56:42
ajio,hero,382,zara,Bangalore,False,06-Aug-17 01:56:42
ajio,hero,383,boss,Pune,True,06-Aug-17 01:56:42
ajio,hero,384,armani,Pune,False,06-Aug-17 01:56:42
ajio,hero,385,diesel,Mumbai,True,06-Aug-17 01:56:42
ajio,hero,386,chloe,Mumbai,True,06-Aug-17 01:56:42
ajio,hero,387,vougue,Pune,False,06-Aug-17 01:56:42
ajio,hero,388,espirit,Pune,True,06-Aug-17 01:56:42
ajio,hero,389,armani,Mumbai,False,06-Aug-17 01:56:42
ajio,hero,390,espirit,Bangalore,False,06-Aug-17 01:56:42
ajio,hero,391,espirit,Pune,True,06-Aug-17 01:56:42
ajio,hero,392,vougue,Mumbai,False,06-Aug-17 01:56:42
ajio,hero,393,espirit,Bangalore,False,06-Aug-17 01:56:42
ajio,hero,394,boss,Pune,True,06-Aug-17 01:56:42
ajio,hero,395,zara,Bangalore,False,06-Aug-17 01:56:42
ajio,hero,396,boss,Mumbai,False,06-Aug-17 01:56:42
ajio,hero,397,zara,Bangalore,False,06-Aug-17 01:56:42
ajio,hero,398,vougue,Mumbai,False,06-Aug-17 01:56:42
ajio,hero,399,boss,Bangalore,False,06-Aug-17 01:56:42
ajio,hero,400,birch,Mumbai,False,06-Aug-17 01:56:42
ajio,hero,401,boss,Mumbai,False,06-Aug-17 01:56:42
ajio,hero,402,vougue,Mumbai,True,06-Aug-17 01:56:42
ajio,hero,403,diesel,Pune,True,06-Aug-17 01:56:42
ajio,hero,404,armani,Bangalore,False,06-Aug-17 01:56:42
ajio,hero,405,doir,Pune,True,06-Aug-17 01:56:42
ajio,hero,406,doir,Pune,False,06-Aug-17 01:56:42
ajio,hero,407,doir,Bangalore,False,06-Aug-17 01:56:42
ajio,hero,408,boss,Pune,True,06-Aug-17 01:56:42
ajio,hero,409,vougue,Bangalore,False,06-Aug-17 01:56:42
ajio,hero,410,diesel,Mumbai,False,06-Aug-17 01:56:42
ajio,hero,411,armani,Mumbai,True,06-Aug-17 01:56:42
ajio,hero,412,doir,Bangalore,False,06-Aug-17 01:56:42
ajio,hero,413,doir,Mumbai,True,06-Aug-17 01:56:42
ajio,hero,414,armani,Bangalore,True,06-Aug-17 01:56:42
ajio,hero,415,espirit,Mumbai,True,06-Aug-17 01:56:42
ajio,hero,416,birch,Mumbai,False,06-Aug-17 01:56:42
ajio,hero,417,birch,Bangalore,False,06-Aug-17 01:56:42
ajio,hero,418,zara,Mumbai,False,06-Aug-17 01:56:42
ajio,hero,419,birch,Pune,True,06-Aug-17 01:56:42
ajio,hero,420,boss,Mumbai,False,06-Aug-17 01:56:42
ajio,hero,421,birch,Mumbai,False,06-Aug-17 01:56:42
ajio,hero,422,doir,Mumbai,False,06-Aug-17 01:56:42
ajio,hero,423,boss,Mumbai,False,06-Aug-17 01:56:42
ajio,hero,424,armani,Bangalore,False,06-Aug-17 01:56:42
ajio,hero,425,zara,Bangalore,False,06-Aug-17 01:56:42
ajio,hero,426,prada,Pune,True,06-Aug-17 01:56:42
ajio,hero,427,vougue,Bangalore,False,06-Aug-17 01:56:42
ajio,hero,428,doir,Mumbai,False,06-Aug-17 01:56:42
ajio,hero,429,doir,Pune,False,06-Aug-17 01:56:42
ajio,hero,430,prada,Pune,False,06-Aug-17 01:56:42
ajio,hero,431,chloe,Mumbai,False,06-Aug-17 01:56:42
ajio,hero,432,armani,Mumbai,False,06-Aug-17 01:56:42
ajio,hero,433,espirit,Bangalore,False,06-Aug-17 01:56:42
ajio,hero,434,espirit,Bangalore,True,06-Aug-17 01:56:42
ajio,hero,435,doir,Pune,False,06-Aug-17 01:56:42
ajio,hero,436,doir,Bangalore,False,06-Aug-17 01:56:42
ajio,hero,437,espirit,Bangalore,False,06-Aug-17 01:56:42
ajio,hero,438,vougue,Pune,False,06-Aug-17 01:56:42
ajio,hero,439,birch,Mumbai,False,06-Aug-17 01:56:42
ajio,hero,440,vougue,Pune,True,06-Aug-17 01:56:42
ajio,hero,441,diesel,Pune,False,06-Aug-17 01:56:42
ajio,hero,442,vougue,Pune,False,06-Aug-17 01:56:42
ajio,hero,443,zara,Mumbai,False,06-Aug-17 01:56:42
ajio,hero,444,armani,Mumbai,True,06-Aug-17 01:56:42
ajio,hero,445,doir,Mumbai,True,06-Aug-17 01:56:42
ajio,hero,446,birch,Mumbai,False,06-Aug-17 01:56:42
ajio,hero,447,zara,Mumbai,True,06-Aug-17 01:56:42
ajio,hero,448,prada,Bangalore,False,06-Aug-17 01:56:42
ajio,hero,449,diesel,Bangalore,True,06-Aug-17 01:56:42
ajio,hero,450,zara,Bangalore,False,06-Aug-17 01:56:42
ajio,hero,451,diesel,Bangalore,False,06-Aug-17 01:56:42
ajio,hero,452,armani,Pune,False,06-Aug-17 01:56:42
ajio,hero,453,doir,Pune,False,06-Aug-17 01:56:42
ajio,hero,454,prada,Pune,True,06-Aug-17 01:56:42
ajio,hero,455,prada,Bangalore,False,06-Aug-17 01:56:42
ajio,hero,456,boss,Pune,True,06-Aug-17 01:56:42
ajio,hero,457,vougue,Pune,True,06-Aug-17 01:56:42
ajio,hero,458,prada,Bangalore,False,06-Aug-17 01:56:42
ajio,hero,459,boss,Bangalore,False,06-Aug-17 01:56:42
ajio,hero,460,chloe,Bangalore,False,06-Aug-17 01:56:42
ajio,hero,461,armani,Bangalore,False,06-Aug-17 01:56:42
ajio,hero,462,chloe,Mumbai,True,06-Aug-17 01:56:42
ajio,hero,463,diesel,Mumbai,False,06-Aug-17 01:56:42
ajio,hero,464,doir,Mumbai,True,06-Aug-17 01:56:42
ajio,hero,465,zara,Pune,True,06-Aug-17 01:56:42
ajio,hero,466,boss,Pune,True,06-Aug-17 01:56:42
ajio,hero,467,doir,Pune,True,06-Aug-17 01:56:42
ajio,hero,468,birch,Bangalore,True,06-Aug-17 01:56:42
ajio,hero,469,chloe,Mumbai,False,06-Aug-17 01:56:42
ajio,hero,470,armani,Pune,False,06-Aug-17 01:56:42
ajio,hero,471,espirit,Pune,False,06-Aug-17 01:56:42
ajio,hero,472,birch,Mumbai,False,06-Aug-17 01:56:42
ajio,hero,473,espirit,Bangalore,False,06-Aug-17 01:56:42
ajio,hero,474,diesel,Pune,True,06-Aug-17 01:56:42
ajio,hero,475,birch,Pune,True,06-Aug-17 01:56:42
ajio,hero,476,birch,Bangalore,False,06-Aug-17 01:56:42
ajio,hero,477,prada,Bangalore,False,06-Aug-17 01:56:42
ajio,hero,478,diesel,Pune,True,06-Aug-17 01:56:42
ajio,hero,479,vougue,Pune,False,06-Aug-17 01:56:42
ajio,hero,480,diesel,Bangalore,False,06-Aug-17 01:56:42
ajio,hero,481,birch,Pune,False,06-Aug-17 01:56:42
ajio,hero,482,boss,Mumbai,True,06-Aug-17 01:56:42
ajio,hero,483,doir,Pune,False,06-Aug-17 01:56:42
ajio,hero,484,chloe,Mumbai,False,06-Aug-17 01:56:42
ajio,hero,485,chloe,Bangalore,True,06-Aug-17 01:56:42
ajio,hero,486,doir,Bangalore,True,06-Aug-17 01:56:42
ajio,hero,487,doir,Bangalore,True,06-Aug-17 01:56:42
ajio,hero,488,espirit,Bangalore,False,06-Aug-17 01:56:42
ajio,hero,489,vougue,Bangalore,False,06-Aug-17 01:56:42
ajio,hero,490,armani,Pune,False,06-Aug-17 01:56:42
ajio,hero,491,zara,Pune,False,06-Aug-17 01:56:42
ajio,hero,492,boss,Pune,True,06-Aug-17 01:56:42
ajio,hero,493,espirit,Pune,True,06-Aug-17 01:56:42
ajio,hero,494,chloe,Bangalore,False,06-Aug-17 01:56:42
ajio,hero,495,boss,Mumbai,False,06-Aug-17 01:56:42
ajio,hero,496,diesel,Bangalore,False,06-Aug-17 01:56:42
ajio,hero,497,espirit,Bangalore,False,06-Aug-17 01:56:42
ajio,hero,498,doir,Pune,False,06-Aug-17 01:56:42
ajio,hero,499,espirit,Bangalore,False,06-Aug-17 01:56:42
ajio,hero,500,diesel,Pune,False,06-Aug-17 01:56:42
ajio,hero,501,zara,Mumbai,False,06-Aug-17 01:56:42
ajio,hero,502,armani,Bangalore,True,06-Aug-17 01:56:42
ajio,hero,503,zara,Bangalore,False,06-Aug-17 01:56:42
ajio,hero,504,prada,Bangalore,False,06-Aug-17 01:56:42
ajio,hero,505,espirit,Bangalore,False,06-Aug-17 01:56:42
ajio,hero,506,doir,Pune,False,06-Aug-17 01:56:42
ajio,hero,507,birch,Bangalore,False,06-Aug-17 01:56:42
ajio,hero,508,zara,Bangalore,False,06-Aug-17 01:56:42
ajio,hero,509,vougue,Pune,False,06-Aug-17 01:56:42
ajio,hero,510,vougue,Pune,False,06-Aug-17 01:56:42
ajio,hero,511,zara,Mumbai,True,06-Aug-17 01:56:42
ajio,hero,512,zara,Mumbai,False,06-Aug-17 01:56:42
ajio,hero,513,birch,Mumbai,True,06-Aug-17 01:56:42
ajio,hero,514,vougue,Bangalore,True,06-Aug-17 01:56:42
ajio,hero,515,vougue,Mumbai,False,06-Aug-17 01:56:42
ajio,hero,516,vougue,Bangalore,False,06-Aug-17 01:56:42
ajio,hero,517,birch,Pune,False,06-Aug-17 01:56:42
ajio,hero,518,vougue,Bangalore,False,06-Aug-17 01:56:42
ajio,hero,519,vougue,Bangalore,False,06-Aug-17 01:56:42
ajio,hero,520,prada,Bangalore,False,06-Aug-17 01:56:42
ajio,hero,521,armani,Mumbai,False,06-Aug-17 01:56:42
ajio,hero,522,vougue,Mumbai,False,06-Aug-17 01:56:42
ajio,hero,523,doir,Pune,False,06-Aug-17 01:56:42
ajio,hero,524,diesel,Pune,False,06-Aug-17 01:56:42
ajio,hero,525,doir,Bangalore,False,06-Aug-17 01:56:42
ajio,hero,526,doir,Mumbai,True,06-Aug-17 01:56:42
ajio,hero,527,chloe,Mumbai,False,06-Aug-17 01:56:42
ajio,hero,528,doir,Mumbai,True,06-Aug-17 01:56:42
ajio,hero,529,boss,Pune,False,06-Aug-17 01:56:42
ajio,hero,530,prada,Mumbai,False,06-Aug-17 01:56:42
ajio,hero,531,prada,Bangalore,False,06-Aug-17 01:56:42
ajio,hero,532,boss,Bangalore,False,06-Aug-17 01:56:42
ajio,hero,533,prada,Pune,False,06-Aug-17 01:56:42
ajio,hero,534,espirit,Pune,True,06-Aug-17 01:56:42
ajio,hero,535,armani,Mumbai,True,06-Aug-17 01:56:42
ajio,hero,536,doir,Bangalore,True,06-Aug-17 01:56:42
ajio,hero,537,diesel,Bangalore,False,06-Aug-17 01:56:42
ajio,hero,538,zara,Mumbai,False,06-Aug-17 01:56:42
ajio,hero,539,vougue,Bangalore,False,06-Aug-17 01:56:42
ajio,hero,540,espirit,Mumbai,False,06-Aug-17 01:56:42
ajio,hero,541,zara,Pune,False,06-Aug-17 01:56:42
ajio,hero,542,diesel,Pune,True,06-Aug-17 01:56:42
ajio,hero,543,espirit,Pune,False,06-Aug-17 01:56:42
ajio,hero,544,vougue,Bangalore,False,06-Aug-17 01:56:42
ajio,hero,545,diesel,Mumbai,False,06-Aug-17 01:56:42
ajio,hero,546,boss,Bangalore,False,06-Aug-17 01:56:42
ajio,hero,547,birch,Mumbai,True,06-Aug-17 01:56:42
ajio,hero,548,boss,Bangalore,False,06-Aug-17 01:56:42
ajio,hero,549,diesel,Mumbai,False,06-Aug-17 01:56:42
ajio,hero,550,prada,Bangalore,False,06-Aug-17 01:56:42
ajio,hero,551,espirit,Bangalore,False,06-Aug-17 01:56:42
ajio,hero,552,prada,Bangalore,False,06-Aug-17 01:56:42
ajio,hero,553,prada,Bangalore,False,06-Aug-17 01:56:42
ajio,hero,554,doir,Pune,True,06-Aug-17 01:56:42
ajio,hero,555,boss,Pune,False,06-Aug-17 01:56:42
ajio,hero,556,birch,Mumbai,False,06-Aug-17 01:56:42
ajio,hero,557,vougue,Bangalore,False,06-Aug-17 01:56:42
ajio,hero,558,prada,Bangalore,False,06-Aug-17 01:56:42
ajio,hero,559,diesel,Bangalore,False,06-Aug-17 01:56:42
ajio,hero,560,prada,Mumbai,False,06-Aug-17 01:56:42
ajio,hero,561,espirit,Mumbai,False,06-Aug-17 01:56:42
ajio,hero,562,chloe,Mumbai,False,06-Aug-17 01:56:42
ajio,hero,563,diesel,Pune,True,06-Aug-17 01:56:42
ajio,hero,564,prada,Pune,False,06-Aug-17 01:56:42
ajio,hero,565,vougue,Mumbai,False,06-Aug-17 01:56:42
ajio,hero,566,espirit,Bangalore,False,06-Aug-17 01:56:42
ajio,hero,567,birch,Bangalore,False,06-Aug-17 01:56:42
ajio,hero,568,prada,Bangalore,True,06-Aug-17 01:56:42
ajio,hero,569,prada,Mumbai,False,06-Aug-17 01:56:42
ajio,hero,570,doir,Pune,False,06-Aug-17 01:56:42
ajio,hero,571,prada,Mumbai,False,06-Aug-17 01:56:42
ajio,hero,572,birch,Mumbai,False,06-Aug-17 01:56:42
ajio,hero,573,prada,Mumbai,True,06-Aug-17 01:56:42
ajio,hero,574,zara,Bangalore,True,06-Aug-17 01:56:42
ajio,hero,575,doir,Mumbai,False,06-Aug-17 01:56:42
ajio,hero,576,doir,Mumbai,False,06-Aug-17 01:56:42
ajio,hero,577,zara,Mumbai,False,06-Aug-17 01:56:42
ajio,hero,578,boss,Mumbai,False,06-Aug-17 01:56:42
ajio,hero,579,zara,Mumbai,True,06-Aug-17 01:56:42
ajio,hero,580,prada,Bangalore,False,06-Aug-17 01:56:42
ajio,hero,581,chloe,Bangalore,False,06-Aug-17 01:56:42
ajio,hero,582,espirit,Pune,False,06-Aug-17 01:56:42
ajio,hero,583,zara,Mumbai,False,06-Aug-17 01:56:42
ajio,hero,584,chloe,Mumbai,False,06-Aug-17 01:56:42
ajio,hero,585,armani,Mumbai,False,06-Aug-17 01:56:42
ajio,hero,586,doir,Bangalore,False,06-Aug-17 01:56:42
ajio,hero,587,vougue,Bangalore,False,06-Aug-17 01:56:42
ajio,hero,588,birch,Mumbai,False,06-Aug-17 01:56:42
ajio,hero,589,zara,Bangalore,False,06-Aug-17 01:56:42
ajio,hero,590,zara,Bangalore,False,06-Aug-17 01:56:42
ajio,hero,591,espirit,Bangalore,False,06-Aug-17 01:56:42
ajio,hero,592,birch,Pune,True,06-Aug-17 01:56:42
ajio,hero,593,zara,Pune,True,06-Aug-17 01:56:42
ajio,hero,594,diesel,Mumbai,False,06-Aug-17 01:56:42
ajio,hero,595,boss,Bangalore,False,06-Aug-17 01:56:42
ajio,hero,596,chloe,Bangalore,False,06-Aug-17 01:56:42
ajio,hero,597,diesel,Bangalore,True,06-Aug-17 01:56:42
ajio,hero,598,birch,Bangalore,True,06-Aug-17 01:56:42
ajio,hero,599,birch,Pune,True,06-Aug-17 01:56:42
ajio,hero,600,prada,Pune,False,06-Aug-17 01:56:42
ajio,hero,601,diesel,Bangalore,False,06-Aug-17 01:56:42
ajio,hero,602,doir,Mumbai,False,06-Aug-17 01:56:42
ajio,hero,603,diesel,Mumbai,True,06-Aug-17 01:56:42
ajio,hero,604,boss,Pune,False,06-Aug-17 01:56:42
ajio,hero,605,chloe,Bangalore,True,06-Aug-17 01:56:42
ajio,hero,606,birch,Mumbai,False,06-Aug-17 01:56:42
ajio,hero,607,espirit,Bangalore,False,06-Aug-17 01:56:42
ajio,hero,608,boss,Mumbai,True,06-Aug-17 01:56:42
ajio,hero,609,diesel,Bangalore,False,06-Aug-17 01:56:42
ajio,hero,610,boss,Mumbai,False,06-Aug-17 01:56:42
ajio,hero,611,zara,Bangalore,False,06-Aug-17 01:56:42
ajio,hero,612,doir,Bangalore,False,06-Aug-17 01:56:42
ajio,hero,613,armani,Bangalore,False,06-Aug-17 01:56:42
ajio,hero,614,birch,Mumbai,False,06-Aug-17 01:56:42
ajio,hero,615,chloe,Pune,False,06-Aug-17 01:56:42
ajio,hero,616,diesel,Pune,False,06-Aug-17 01:56:42
ajio,hero,617,espirit,Mumbai,True,06-Aug-17 01:56:42
ajio,hero,618,doir,Mumbai,False,06-Aug-17 01:56:42
ajio,hero,619,birch,Mumbai,False,06-Aug-17 01:56:42
ajio,hero,620,chloe,Bangalore,False,06-Aug-17 01:56:42
ajio,hero,621,espirit,Pune,False,06-Aug-17 01:56:42
ajio,hero,622,diesel,Pune,True,06-Aug-17 01:56:42
ajio,hero,623,doir,Pune,True,06-Aug-17 01:56:42
ajio,hero,624,zara,Pune,True,06-Aug-17 01:56:42
ajio,hero,625,chloe,Bangalore,False,06-Aug-17 01:56:42
ajio,hero,626,diesel,Pune,False,06-Aug-17 01:56:42
ajio,hero,627,diesel,Pune,False,06-Aug-17 01:56:42
ajio,hero,628,espirit,Bangalore,False,06-Aug-17 01:56:42
ajio,hero,629,espirit,Bangalore,False,06-Aug-17 01:56:42
ajio,hero,630,doir,Bangalore,False,06-Aug-17 01:56:42
ajio,hero,631,armani,Bangalore,False,06-Aug-17 01:56:42
ajio,hero,632,chloe,Pune,True,06-Aug-17 01:56:42
ajio,hero,633,prada,Bangalore,False,06-Aug-17 01:56:42
ajio,hero,634,birch,Pune,False,06-Aug-17 01:56:42
ajio,hero,635,zara,Pune,False,06-Aug-17 01:56:42
ajio,hero,636,chloe,Mumbai,False,06-Aug-17 01:56:42
ajio,hero,637,diesel,Pune,False,06-Aug-17 01:56:42
ajio,hero,638,diesel,Bangalore,False,06-Aug-17 01:56:42
ajio,hero,639,birch,Bangalore,False,06-Aug-17 01:56:42
ajio,hero,640,vougue,Bangalore,True,06-Aug-17 01:56:42
ajio,hero,641,chloe,Bangalore,False,06-Aug-17 01:56:42
ajio,hero,642,birch,Bangalore,False,06-Aug-17 01:56:42
ajio,hero,643,vougue,Pune,False,06-Aug-17 01:56:42
ajio,hero,644,prada,Mumbai,False,06-Aug-17 01:56:42
ajio,hero,645,diesel,Bangalore,False,06-Aug-17 01:56:42
ajio,hero,646,doir,Mumbai,False,06-Aug-17 01:56:42
ajio,hero,647,diesel,Bangalore,False,06-Aug-17 01:56:42
ajio,hero,648,boss,Bangalore,False,06-Aug-17 01:56:42
ajio,hero,649,chloe,Mumbai,False,06-Aug-17 01:56:42
ajio,hero,650,prada,Pune,False,06-Aug-17 01:56:42
ajio,hero,651,prada,Bangalore,False,06-Aug-17 01:56:42
ajio,hero,652,doir,Pune,True,06-Aug-17 01:56:42
ajio,hero,653,zara,Bangalore,True,06-Aug-17 01:56:42
ajio,hero,654,doir,Pune,False,06-Aug-17 01:56:42
ajio,hero,655,armani,Mumbai,False,06-Aug-17 01:56:42
ajio,hero,656,doir,Bangalore,False,06-Aug-17 01:56:42
ajio,hero,657,zara,Pune,True,06-Aug-17 01:56:42
ajio,hero,658,doir,Bangalore,False,06-Aug-17 01:56:42
ajio,hero,659,birch,Pune,False,06-Aug-17 01:56:42
ajio,hero,660,birch,Pune,True,06-Aug-17 01:56:42
ajio,hero,661,espirit,Bangalore,False,06-Aug-17 01:56:42
ajio,hero,662,birch,Bangalore,False,06-Aug-17 01:56:42
ajio,hero,663,zara,Mumbai,True,06-Aug-17 01:56:42
ajio,hero,664,birch,Bangalore,False,06-Aug-17 01:56:42
ajio,hero,665,espirit,Pune,True,06-Aug-17 01:56:42
ajio,hero,666,espirit,Mumbai,False,06-Aug-17 01:56:42
ajio,hero,667,vougue,Pune,False,06-Aug-17 01:56:42
ajio,hero,668,espirit,Mumbai,True,06-Aug-17 01:56:42
ajio,hero,669,doir,Pune,False,06-Aug-17 01:56:42
ajio,hero,670,doir,Mumbai,True,06-Aug-17 01:56:42
ajio,hero,671,espirit,Mumbai,False,06-Aug-17 01:56:42
ajio,hero,672,boss,Bangalore,False,06-Aug-17 01:56:42
ajio,hero,673,zara,Pune,True,06-Aug-17 01:56:42
ajio,hero,674,vougue,Bangalore,False,06-Aug-17 01:56:42
ajio,hero,675,vougue,Bangalore,True,06-Aug-17 01:56:42
ajio,hero,676,chloe,Mumbai,True,06-Aug-17 01:56:42
ajio,hero,677,zara,Mumbai,True,06-Aug-17 01:56:42
ajio,hero,678,armani,Bangalore,False,06-Aug-17 01:56:42
ajio,hero,679,doir,Pune,False,06-Aug-17 01:56:42
ajio,hero,680,vougue,Mumbai,False,06-Aug-17 01:56:42
ajio,hero,681,armani,Bangalore,False,06-Aug-17 01:56:42
ajio,hero,682,doir,Pune,False,06-Aug-17 01:56:42
ajio,hero,683,diesel,Mumbai,True,06-Aug-17 01:56:42
ajio,hero,684,doir,Mumbai,False,06-Aug-17 01:56:42
ajio,hero,685,birch,Pune,False,06-Aug-17 01:56:42
ajio,hero,686,chloe,Bangalore,True,06-Aug-17 01:56:42
ajio,hero,687,doir,Bangalore,False,06-Aug-17 01:56:42
ajio,hero,688,vougue,Bangalore,True,06-Aug-17 01:56:42
ajio,hero,689,diesel,Mumbai,False,06-Aug-17 01:56:42
ajio,hero,690,zara,Bangalore,False,06-Aug-17 01:56:42
ajio,hero,691,espirit,Mumbai,False,06-Aug-17 01:56:42
ajio,hero,692,armani,Pune,False,06-Aug-17 01:56:42
ajio,hero,693,diesel,Bangalore,False,06-Aug-17 01:56:42
ajio,hero,694,vougue,Bangalore,True,06-Aug-17 01:56:42
ajio,hero,695,vougue,Pune,False,06-Aug-17 01:56:42
ajio,hero,696,chloe,Mumbai,True,06-Aug-17 01:56:42
ajio,hero,697,espirit,Pune,True,06-Aug-17 01:56:42
ajio,hero,698,vougue,Pune,False,06-Aug-17 01:56:42
ajio,hero,699,espirit,Pune,False,06-Aug-17 01:56:42
ajio,hero,700,boss,Pune,True,06-Aug-17 01:56:42
ajio,hero,701,chloe,Pune,False,06-Aug-17 01:56:42
ajio,hero,702,armani,Pune,False,06-Aug-17 01:56:42
ajio,hero,703,vougue,Pune,False,06-Aug-17 01:56:42
ajio,hero,704,birch,Mumbai,True,06-Aug-17 01:56:42
ajio,hero,705,chloe,Bangalore,False,06-Aug-17 01:56:42
ajio,hero,706,prada,Pune,True,06-Aug-17 01:56:42
ajio,hero,707,doir,Bangalore,False,06-Aug-17 01:56:42
ajio,hero,708,armani,Pune,True,06-Aug-17 01:56:42
ajio,hero,709,armani,Pune,False,06-Aug-17 01:56:42
ajio,hero,710,vougue,Bangalore,False,06-Aug-17 01:56:42
ajio,hero,711,armani,Bangalore,False,06-Aug-17 01:56:42
ajio,hero,712,boss,Bangalore,False,06-Aug-17 01:56:42
ajio,hero,713,chloe,Pune,False,06-Aug-17 01:56:42
ajio,hero,714,chloe,Bangalore,False,06-Aug-17 01:56:42
ajio,hero,715,armani,Mumbai,True,06-Aug-17 01:56:42
ajio,hero,716,armani,Pune,False,06-Aug-17 01:56:42
ajio,hero,717,birch,Mumbai,False,06-Aug-17 01:56:42
ajio,hero,718,zara,Mumbai,False,06-Aug-17 01:56:42
ajio,hero,719,zara,Pune,False,06-Aug-17 01:56:42
ajio,hero,720,chloe,Bangalore,True,06-Aug-17 01:56:42
ajio,hero,721,diesel,Bangalore,False,06-Aug-17 01:56:42
ajio,hero,722,chloe,Pune,False,06-Aug-17 01:56:42
ajio,hero,723,doir,Pune,False,06-Aug-17 01:56:42
ajio,hero,724,espirit,Bangalore,False,06-Aug-17 01:56:42
ajio,hero,725,vougue,Pune,False,06-Aug-17 01:56:42
ajio,hero,726,diesel,Bangalore,False,06-Aug-17 01:56:42
ajio,hero,727,birch,Pune,True,06-Aug-17 01:56:42
ajio,hero,728,zara,Bangalore,True,06-Aug-17 01:56:42
ajio,hero,729,boss,Bangalore,True,06-Aug-17 01:56:42
ajio,hero,730,prada,Bangalore,False,06-Aug-17 01:56:42
ajio,hero,731,diesel,Mumbai,False,06-Aug-17 01:56:42
ajio,hero,732,doir,Pune,True,06-Aug-17 01:56:42
ajio,hero,733,doir,Mumbai,True,06-Aug-17 01:56:42
ajio,hero,734,prada,Pune,False,06-Aug-17 01:56:42
ajio,hero,735,birch,Bangalore,False,06-Aug-17 01:56:42
ajio,hero,736,birch,Mumbai,False,06-Aug-17 01:56:42
ajio,hero,737,doir,Mumbai,True,06-Aug-17 01:56:42
ajio,hero,738,vougue,Mumbai,False,06-Aug-17 01:56:42
ajio,hero,739,prada,Mumbai,False,06-Aug-17 01:56:42
ajio,hero,740,chloe,Mumbai,True,06-Aug-17 01:56:42
ajio,hero,741,chloe,Pune,False,06-Aug-17 01:56:42
ajio,hero,742,prada,Mumbai,False,06-Aug-17 01:56:42
ajio,hero,743,chloe,Pune,False,06-Aug-17 01:56:42
ajio,hero,744,zara,Bangalore,False,06-Aug-17 01:56:42
ajio,hero,745,espirit,Pune,True,06-Aug-17 01:56:42
ajio,hero,746,armani,Mumbai,True,06-Aug-17 01:56:42
ajio,hero,747,zara,Mumbai,False,06-Aug-17 01:56:42
ajio,hero,748,armani,Pune,False,06-Aug-17 01:56:42
ajio,hero,749,boss,Mumbai,True,06-Aug-17 01:56:42
ajio,hero,750,diesel,Bangalore,False,06-Aug-17 01:56:42
ajio,hero,751,zara,Mumbai,True,06-Aug-17 01:56:42
ajio,hero,752,zara,Bangalore,False,06-Aug-17 01:56:42
ajio,hero,753,espirit,Pune,True,06-Aug-17 01:56:42
ajio,hero,754,diesel,Mumbai,True,06-Aug-17 01:56:42
ajio,hero,755,zara,Mumbai,True,06-Aug-17 01:56:42
ajio,hero,756,armani,Bangalore,False,06-Aug-17 01:56:42
ajio,hero,757,chloe,Mumbai,False,06-Aug-17 01:56:42
ajio,hero,758,prada,Bangalore,False,06-Aug-17 01:56:42
ajio,hero,759,diesel,Bangalore,False,06-Aug-17 01:56:42
ajio,hero,760,birch,Mumbai,True,06-Aug-17 01:56:42
ajio,hero,761,vougue,Pune,False,06-Aug-17 01:56:42
ajio,hero,762,birch,Mumbai,False,06-Aug-17 01:56:42
ajio,hero,763,birch,Bangalore,False,06-Aug-17 01:56:42
ajio,hero,764,zara,Pune,False,06-Aug-17 01:56:42
ajio,hero,765,zara,Pune,False,06-Aug-17 01:56:42
ajio,hero,766,vougue,Pune,False,06-Aug-17 01:56:42
ajio,hero,767,vougue,Mumbai,False,06-Aug-17 01:56:42
ajio,hero,768,birch,Pune,False,06-Aug-17 01:56:42
ajio,hero,769,armani,Bangalore,False,06-Aug-17 01:56:42
ajio,hero,770,espirit,Pune,True,06-Aug-17 01:56:42
ajio,hero,771,prada,Mumbai,True,06-Aug-17 01:56:42
ajio,hero,772,vougue,Pune,True,06-Aug-17 01:56:42
ajio,hero,773,prada,Pune,False,06-Aug-17 01:56:42
ajio,hero,774,chloe,Pune,False,06-Aug-17 01:56:42
ajio,hero,775,prada,Mumbai,False,06-Aug-17 01:56:42
ajio,hero,776,zara,Mumbai,True,06-Aug-17 01:56:42
ajio,hero,777,chloe,Bangalore,False,06-Aug-17 01:56:42
ajio,hero,778,chloe,Mumbai,False,06-Aug-17 01:56:42
ajio,hero,779,armani,Mumbai,False,06-Aug-17 01:56:42
ajio,hero,780,doir,Bangalore,True,06-Aug-17 01:56:42
ajio,hero,781,armani,Mumbai,False,06-Aug-17 01:56:42
ajio,hero,782,prada,Bangalore,False,06-Aug-17 01:56:42
ajio,hero,783,chloe,Pune,False,06-Aug-17 01:56:42
ajio,hero,784,espirit,Pune,True,06-Aug-17 01:56:42
ajio,hero,785,espirit,Bangalore,False,06-Aug-17 01:56:42
ajio,hero,786,doir,Bangalore,False,06-Aug-17 01:56:42
ajio,hero,787,zara,Mumbai,True,06-Aug-17 01:56:42
ajio,hero,788,boss,Bangalore,False,06-Aug-17 01:56:42
ajio,hero,789,doir,Pune,True,06-Aug-17 01:56:42
ajio,hero,790,diesel,Mumbai,True,06-Aug-17 01:56:42
ajio,hero,791,birch,Pune,False,06-Aug-17 01:56:42
ajio,hero,792,vougue,Bangalore,False,06-Aug-17 01:56:42
ajio,hero,793,chloe,Pune,False,06-Aug-17 01:56:42
ajio,hero,794,prada,Mumbai,False,06-Aug-17 01:56:42
ajio,hero,795,prada,Pune,True,06-Aug-17 01:56:42
ajio,hero,796,birch,Pune,True,06-Aug-17 01:56:42
ajio,hero,797,boss,Mumbai,True,06-Aug-17 01:56:42
ajio,hero,798,diesel,Pune,False,06-Aug-17 01:56:42
ajio,hero,799,chloe,Pune,False,06-Aug-17 01:56:42
ajio,hero,800,doir,Mumbai,False,06-Aug-17 01:56:42
ajio,hero,801,boss,Bangalore,True,06-Aug-17 01:56:42
ajio,hero,802,armani,Mumbai,False,06-Aug-17 01:56:42
ajio,hero,803,boss,Mumbai,False,06-Aug-17 01:56:42
ajio,hero,804,birch,Bangalore,False,06-Aug-17 01:56:42
ajio,hero,805,doir,Mumbai,False,06-Aug-17 01:56:42
ajio,hero,806,chloe,Pune,False,06-Aug-17 01:56:42
ajio,hero,807,chloe,Pune,False,06-Aug-17 01:56:42
ajio,hero,808,boss,Bangalore,False,06-Aug-17 01:56:42
ajio,hero,809,diesel,Mumbai,True,06-Aug-17 01:56:42
ajio,hero,810,zara,Mumbai,False,06-Aug-17 01:56:42
ajio,hero,811,vougue,Bangalore,False,06-Aug-17 01:56:42
ajio,hero,812,espirit,Pune,False,06-Aug-17 01:56:42
ajio,hero,813,doir,Mumbai,False,06-Aug-17 01:56:42
ajio,hero,814,prada,Bangalore,True,06-Aug-17 01:56:42
ajio,hero,815,diesel,Bangalore,False,06-Aug-17 01:56:42
ajio,hero,816,boss,Mumbai,False,06-Aug-17 01:56:42
ajio,hero,817,zara,Pune,False,06-Aug-17 01:56:42
ajio,hero,818,espirit,Bangalore,False,06-Aug-17 01:56:42
ajio,hero,819,zara,Pune,True,06-Aug-17 01:56:42
ajio,hero,820,diesel,Mumbai,True,06-Aug-17 01:56:42
ajio,hero,821,birch,Bangalore,False,06-Aug-17 01:56:42
ajio,hero,822,prada,Mumbai,False,06-Aug-17 01:56:42
ajio,hero,823,doir,Pune,False,06-Aug-17 01:56:42
ajio,hero,824,chloe,Mumbai,False,06-Aug-17 01:56:42
ajio,hero,825,boss,Mumbai,True,06-Aug-17 01:56:42
ajio,hero,826,doir,Pune,False,06-Aug-17 01:56:42
ajio,hero,827,birch,Pune,True,06-Aug-17 01:56:42
ajio,hero,828,prada,Pune,False,06-Aug-17 01:56:42
ajio,hero,829,zara,Pune,True,06-Aug-17 01:56:42
ajio,hero,830,espirit,Bangalore,True,06-Aug-17 01:56:42
ajio,hero,831,chloe,Pune,True,06-Aug-17 01:56:42
ajio,hero,832,boss,Pune,False,06-Aug-17 01:56:42
ajio,hero,833,doir,Mumbai,False,06-Aug-17 01:56:42
ajio,hero,834,doir,Pune,False,06-Aug-17 01:56:42
ajio,hero,835,birch,Pune,False,06-Aug-17 01:56:42
ajio,hero,836,prada,Mumbai,False,06-Aug-17 01:56:42
ajio,hero,837,prada,Pune,True,06-Aug-17 01:56:42
ajio,hero,838,zara,Mumbai,True,06-Aug-17 01:56:42
ajio,hero,839,armani,Bangalore,False,06-Aug-17 01:56:42
ajio,hero,840,birch,Pune,False,06-Aug-17 01:56:42
ajio,hero,841,boss,Bangalore,False,06-Aug-17 01:56:42
ajio,hero,842,vougue,Mumbai,False,06-Aug-17 01:56:42
ajio,hero,843,vougue,Pune,True,06-Aug-17 01:56:42
ajio,hero,844,zara,Mumbai,False,06-Aug-17 01:56:42
ajio,hero,845,diesel,Pune,False,06-Aug-17 01:56:42
ajio,hero,846,zara,Pune,True,06-Aug-17 01:56:42
ajio,hero,847,prada,Bangalore,False,06-Aug-17 01:56:42
ajio,hero,848,armani,Bangalore,False,06-Aug-17 01:56:42
ajio,hero,849,zara,Mumbai,False,06-Aug-17 01:56:42
ajio,hero,850,chloe,Pune,False,06-Aug-17 01:56:42
ajio,hero,851,doir,Pune,True,06-Aug-17 01:56:42
ajio,hero,852,prada,Bangalore,False,06-Aug-17 01:56:42
ajio,hero,853,prada,Bangalore,False,06-Aug-17 01:56:42
ajio,hero,854,birch,Mumbai,False,06-Aug-17 01:56:42
ajio,hero,855,doir,Pune,True,06-Aug-17 01:56:42
ajio,hero,856,boss,Bangalore,False,06-Aug-17 01:56:42
ajio,hero,857,birch,Mumbai,False,06-Aug-17 01:56:42
ajio,hero,858,zara,Bangalore,False,06-Aug-17 01:56:42
ajio,hero,859,armani,Pune,False,06-Aug-17 01:56:42
ajio,hero,860,diesel,Pune,False,06-Aug-17 01:56:42
ajio,hero,861,boss,Pune,True,06-Aug-17 01:56:42
ajio,hero,862,prada,Bangalore,False,06-Aug-17 01:56:42
ajio,hero,863,birch,Mumbai,True,06-Aug-17 01:56:42
ajio,hero,864,armani,Pune,True,06-Aug-17 01:56:42
ajio,hero,865,prada,Pune,True,06-Aug-17 01:56:42
ajio,hero,866,diesel,Mumbai,False,06-Aug-17 01:56:42
ajio,hero,867,diesel,Mumbai,False,06-Aug-17 01:56:42
ajio,hero,868,doir,Pune,False,06-Aug-17 01:56:42
ajio,hero,869,chloe,Pune,False,06-Aug-17 01:56:42
ajio,hero,870,boss,Bangalore,False,06-Aug-17 01:56:42
ajio,hero,871,diesel,Bangalore,False,06-Aug-17 01:56:42
ajio,hero,872,vougue,Pune,False,06-Aug-17 01:56:42
ajio,hero,873,birch,Mumbai,True,06-Aug-17 01:56:42
ajio,hero,874,doir,Bangalore,True,06-Aug-17 01:56:42
ajio,hero,875,vougue,Mumbai,False,06-Aug-17 01:56:42
ajio,hero,876,chloe,Mumbai,False,06-Aug-17 01:56:42
ajio,hero,877,chloe,Pune,True,06-Aug-17 01:56:42
ajio,hero,878,diesel,Mumbai,False,06-Aug-17 01:56:42
ajio,hero,879,armani,Bangalore,False,06-Aug-17 01:56:42
ajio,hero,880,espirit,Mumbai,True,06-Aug-17 01:56:42
ajio,hero,881,espirit,Pune,False,06-Aug-17 01:56:42
ajio,hero,882,birch,Pune,True,06-Aug-17 01:56:42
ajio,hero,883,zara,Bangalore,False,06-Aug-17 01:56:42
ajio,hero,884,vougue,Mumbai,True,06-Aug-17 01:56:42
ajio,hero,885,vougue,Pune,False,06-Aug-17 01:56:42
ajio,hero,886,birch,Bangalore,False,06-Aug-17 01:56:42
ajio,hero,887,doir,Bangalore,False,06-Aug-17 01:56:42
ajio,hero,888,chloe,Mumbai,True,06-Aug-17 01:56:42
ajio,hero,889,boss,Mumbai,True,06-Aug-17 01:56:42
ajio,hero,890,zara,Bangalore,False,06-Aug-17 01:56:42
ajio,hero,891,doir,Mumbai,True,06-Aug-17 01:56:42
ajio,hero,892,armani,Bangalore,False,06-Aug-17 01:56:42
ajio,hero,893,diesel,Mumbai,False,06-Aug-17 01:56:42
ajio,hero,894,doir,Pune,False,06-Aug-17 01:56:42
ajio,hero,895,espirit,Pune,False,06-Aug-17 01:56:42
ajio,hero,896,vougue,Pune,True,06-Aug-17 01:56:42
ajio,hero,897,vougue,Mumbai,False,06-Aug-17 01:56:42
ajio,hero,898,prada,Pune,False,06-Aug-17 01:56:42
ajio,hero,899,armani,Pune,False,06-Aug-17 01:56:42
ajio,hero,900,birch,Mumbai,False,06-Aug-17 01:56:42
ajio,hero,901,zara,Mumbai,False,06-Aug-17 01:56:42
ajio,hero,902,armani,Pune,False,06-Aug-17 01:56:42
ajio,hero,903,vougue,Bangalore,True,06-Aug-17 01:56:42
ajio,hero,904,diesel,Mumbai,True,06-Aug-17 01:56:42
ajio,hero,905,doir,Bangalore,True,06-Aug-17 01:56:42
ajio,hero,906,birch,Mumbai,True,06-Aug-17 01:56:42
ajio,hero,907,espirit,Pune,False,06-Aug-17 01:56:42
ajio,hero,908,vougue,Pune,False,06-Aug-17 01:56:42
ajio,hero,909,diesel,Pune,False,06-Aug-17 01:56:42
ajio,hero,910,zara,Bangalore,False,06-Aug-17 01:56:42
ajio,hero,911,vougue,Bangalore,True,06-Aug-17 01:56:42
ajio,hero,912,prada,Mumbai,False,06-Aug-17 01:56:42
ajio,hero,913,vougue,Bangalore,False,06-Aug-17 01:56:42
ajio,hero,914,boss,Mumbai,True,06-Aug-17 01:56:42
ajio,hero,915,doir,Pune,False,06-Aug-17 01:56:42
ajio,hero,916,prada,Mumbai,False,06-Aug-17 01:56:42
ajio,hero,917,prada,Mumbai,False,06-Aug-17 01:56:42
ajio,hero,918,espirit,Mumbai,False,06-Aug-17 01:56:42
ajio,hero,919,diesel,Bangalore,False,06-Aug-17 01:56:42
ajio,hero,920,prada,Pune,True,06-Aug-17 01:56:42
ajio,hero,921,espirit,Mumbai,False,06-Aug-17 01:56:42
ajio,hero,922,doir,Mumbai,False,06-Aug-17 01:56:42
ajio,hero,923,chloe,Bangalore,False,06-Aug-17 01:56:42
ajio,hero,924,boss,Mumbai,False,06-Aug-17 01:56:42
ajio,hero,925,armani,Bangalore,False,06-Aug-17 01:56:42
ajio,hero,926,boss,Pune,True,06-Aug-17 01:56:42
ajio,hero,927,doir,Bangalore,False,06-Aug-17 01:56:42
ajio,hero,928,prada,Bangalore,False,06-Aug-17 01:56:42
ajio,hero,929,birch,Bangalore,False,06-Aug-17 01:56:42
ajio,hero,930,armani,Pune,True,06-Aug-17 01:56:42
ajio,hero,931,espirit,Bangalore,False,06-Aug-17 01:56:42
ajio,hero,932,birch,Mumbai,False,06-Aug-17 01:56:42
ajio,hero,933,zara,Pune,True,06-Aug-17 01:56:42
ajio,hero,934,birch,Bangalore,False,06-Aug-17 01:56:42
ajio,hero,935,prada,Bangalore,True,06-Aug-17 01:56:42
ajio,hero,936,doir,Pune,True,06-Aug-17 01:56:42
ajio,hero,937,armani,Mumbai,True,06-Aug-17 01:56:42
ajio,hero,938,chloe,Mumbai,False,06-Aug-17 01:56:42
ajio,hero,939,chloe,Bangalore,False,06-Aug-17 01:56:42
ajio,hero,940,birch,Bangalore,False,06-Aug-17 01:56:42
ajio,hero,941,espirit,Bangalore,False,06-Aug-17 01:56:42
ajio,hero,942,espirit,Mumbai,True,06-Aug-17 01:56:42
ajio,hero,943,diesel,Pune,True,06-Aug-17 01:56:42
ajio,hero,944,vougue,Mumbai,False,06-Aug-17 01:56:42
ajio,hero,945,boss,Pune,False,06-Aug-17 01:56:42
ajio,hero,946,zara,Pune,True,06-Aug-17 01:56:42
ajio,hero,947,chloe,Bangalore,True,06-Aug-17 01:56:42
ajio,hero,948,chloe,Pune,False,06-Aug-17 01:56:42
ajio,hero,949,espirit,Pune,False,06-Aug-17 01:56:42
ajio,hero,950,prada,Pune,False,06-Aug-17 01:56:42
ajio,hero,951,armani,Bangalore,True,06-Aug-17 01:56:42
ajio,hero,952,vougue,Pune,True,06-Aug-17 01:56:42
ajio,hero,953,chloe,Mumbai,False,06-Aug-17 01:56:42
ajio,hero,954,chloe,Pune,False,06-Aug-17 01:56:42
ajio,hero,955,zara,Pune,False,06-Aug-17 01:56:42
ajio,hero,956,birch,Bangalore,False,06-Aug-17 01:56:42
ajio,hero,957,boss,Bangalore,False,06-Aug-17 01:56:42
ajio,hero,958,chloe,Bangalore,False,06-Aug-17 01:56:42
ajio,hero,959,zara,Pune,False,06-Aug-17 01:56:42
ajio,hero,960,armani,Mumbai,True,06-Aug-17 01:56:42
ajio,hero,961,armani,Pune,False,06-Aug-17 01:56:42
ajio,hero,962,diesel,Bangalore,False,06-Aug-17 01:56:42
ajio,hero,963,doir,Mumbai,False,06-Aug-17 01:56:42
ajio,hero,964,diesel,Pune,False,06-Aug-17 01:56:42
ajio,hero,965,birch,Bangalore,False,06-Aug-17 01:56:42
ajio,hero,966,zara,Bangalore,False,06-Aug-17 01:56:42
ajio,hero,967,diesel,Bangalore,False,06-Aug-17 01:56:42
ajio,hero,968,birch,Mumbai,False,06-Aug-17 01:56:42
ajio,hero,969,espirit,Mumbai,False,06-Aug-17 01:56:42
ajio,hero,970,doir,Bangalore,False,06-Aug-17 01:56:42
ajio,hero,971,chloe,Mumbai,False,06-Aug-17 01:56:42
ajio,hero,972,espirit,Bangalore,False,06-Aug-17 01:56:42
ajio,hero,973,espirit,Mumbai,True,06-Aug-17 01:56:42
ajio,hero,974,doir,Pune,False,06-Aug-17 01:56:42
ajio,hero,975,zara,Bangalore,False,06-Aug-17 01:56:42
ajio,hero,976,espirit,Pune,True,06-Aug-17 01:56:42
ajio,hero,977,espirit,Pune,False,06-Aug-17 01:56:42
ajio,hero,978,espirit,Pune,False,06-Aug-17 01:56:42
ajio,hero,979,birch,Mumbai,False,06-Aug-17 01:56:42
ajio,hero,980,doir,Pune,False,06-Aug-17 01:56:42
ajio,hero,981,vougue,Pune,True,06-Aug-17 01:56:42
ajio,hero,982,boss,Bangalore,True,06-Aug-17 01:56:42
ajio,hero,983,boss,Bangalore,False,06-Aug-17 01:56:42
ajio,hero,984,prada,Pune,True,06-Aug-17 01:56:42
ajio,hero,985,doir,Mumbai,True,06-Aug-17 01:56:42
ajio,hero,986,zara,Bangalore,False,06-Aug-17 01:56:42
ajio,hero,987,espirit,Mumbai,True,06-Aug-17 01:56:42
ajio,hero,988,zara,Pune,False,06-Aug-17 01:56:42
ajio,hero,989,armani,Mumbai,True,06-Aug-17 01:56:42
ajio,hero,990,vougue,Bangalore,False,06-Aug-17 01:56:42
ajio,hero,991,doir,Mumbai,True,06-Aug-17 01:56:42
ajio,hero,992,diesel,Mumbai,False,06-Aug-17 01:56:42
ajio,hero,993,chloe,Mumbai,True,06-Aug-17 01:56:42
ajio,hero,994,zara,Mumbai,False,06-Aug-17 01:56:42
ajio,hero,995,espirit,Bangalore,False,06-Aug-17 01:56:42
ajio,hero,996,espirit,Pune,True,06-Aug-17 01:56:42
ajio,hero,997,doir,Mumbai,False,06-Aug-17 01:56:42
ajio,hero,998,chloe,Mumbai,False,06-Aug-17 01:56:42
ajio,hero,999,diesel,Mumbai,False,06-Aug-17 01:56:42
ajio,hero,1000,vougue,Pune,True,06-Aug-17 01:56:42
